{
  "IcoMoonType": "selection",
  "icons": [
    {
      "icon": {
        "paths": [
          "M759.468 329.728l-48.128-48.128-190.807 190.804-190.804-190.804-48.128 48.128 190.804 190.804-190.804 190.807 48.128 48.128 190.804-190.807 190.807 190.807 48.128-48.128-190.807-190.807 190.807-190.804z"
        ],
        "attrs": [
          {}
        ],
        "isMulticolor": false,
        "isMulticolor2": false,
        "grid": 0,
        "tags": [
          "close-menu"
        ]
      },
      "attrs": [
        {}
      ],
      "properties": {
        "order": 3,
        "id": 1,
        "name": "close-menu",
        "prevSize": 32
      },
      "setIdx": 0,
      "setId": 0,
      "iconIdx": 0
    }
  ],
  "height": 1024,
  "preferences": {
    "showGlyphs": true,
    "showCodes": true,
    "showQuickUse": true,
    "showQuickUse2": true,
    "showSVGs": true,
    "fontPref": {
      "prefix": "icon-",
      "metadata": {},
      "metrics": {
        "emSize": 1024,
        "baseline": 6.25,
        "whitespace": 50
      }
    },
    "imagePref": {
      "prefix": "icon-",
      "png": true,
      "useClassSelector": true,
      "color": 0,
      "bgColor": 16777215,
      "name": "icomoon",
      "classSelector": ".icon"
    },
    "historySize": 50
  }
}